id,city_district,city_subdistrict,name,location_details,address,opening_hours,osm_node_id,source,last_edited,last_edited_by,comment
1,Chorweiler,Chorweiler,Sparkasse KölnBonn,,Mailänder Passage 51,,1668102576,defiköln,2014-01-20,marian,
2,Chorweiler,Heimersdorf,Sparkasse KölnBonn,,Haselnußhof 1,,475012301,defiköln,2014-01-20,marian,
3,Chorweiler,Merkenich,Sparkasse KölnBonn,,Merkenicher Hauptstr. 123,,247388977,defiköln,2014-01-20,marian,
4,Chorweiler,Pesch,Sparkasse KölnBonn,,Longericher Str. 26,,,defiköln,2014-01-20,marian,In SK KölnBonn Filialsuche nicht mehr zu finden
5,Chorweiler,Worringen,Sparkasse KölnBonn,,Hackhauser Weg 19,,1341151971,defiköln,2014-01-20,marian,
6,Ehrenfeld,Butzweilerhof,NetCologne,,Am Coloneum 9,,2630064524,defiköln,2014-01-20,marian,
7,Ehrenfeld,Bickendorf,Sparkasse KölnBonn,,Venloer Str. 628,,224445220,defiköln,2014-01-20,marian,
8,Ehrenfeld,Bocklemünd,Sparkasse KölnBonn,,Görlinger Zentrum 25,,244296667,defiköln,2014-01-23,marian,
9,Ehrenfeld,Butzweilerhof,Sparkasse KölnBonn,,Adolf-Grimme-Allee 1,,,defiköln,2014-01-23,marian,Hausnummer widerspricht OSM-Daten. Muss lokal überprüft werden.
10,Ehrenfeld,Ehrenfeld,Sparkasse KölnBonn,,Venloer Str. 295,,419010439,defiköln,2014-01-26,marian,
11,Ehrenfeld,Ehrenfeld,Sparkasse KölnBonn,,Iltisstr. 20,,2638236794,defiköln,2014-01-26,marian,
12,Ehrenfeld,Ossendorf,Sparkasse KölnBonn,,Frohnhofstr. 130,,230226555,defiköln,2014-01-26,marian,
13,Ehrenfeld,Subbelrath,Sparkasse KölnBonn,,Subbelrather Str. 243,,196170706,defiköln,2014-01-26,marian,
14,Ehrenfeld,Subbelrath,Sparkasse KölnBonn,,Universitätsstr. 41,,,defiköln,,,
15,Ehrenfeld,Vogelsang,Sparkasse KölnBonn,,Vogelsanger Str. 452 a,,,defiköln,,,
16,Ehrenfeld,Ehrenfeld,St. Franziskus-Hospital,,Schönsteinstr. 63,,,defiköln,,,
17,Innenstadt,Deutz,Eduardus-Krankenhaus,,Custodisstr. 3-17,,,defiköln,,,
18,Innenstadt,Altstadt-Nord,Kölner Dom,Nordeingang (Richtung Bahnhof),,6.00-19.30 Uhr,,defiköln,,,
19,Innenstadt,,Krankenhaus der Augustinerinnen,,Jakobstr. 27-31,,,defiköln,,,
20,Innenstadt,Altstadt-Nord,Sparkasse KölnBonn,im Hauptbahnhof,,,2634947257,defiköln,2014-01-24,marian,
21,Innenstadt,,Sparkasse KölnBonn,,Ebertplatz 1,,,defiköln,,,
22,Innenstadt,,Sparkasse KölnBonn,,Barbarossaplatz 2,,,defiköln,,,
23,Innenstadt,,Sparkasse KölnBonn,,Chlodwigplatz 18,,,defiköln,,,
24,Innenstadt,,Sparkasse KölnBonn,,Gürzenichstr. 19,,,defiköln,,,
25,Innenstadt,,Sparkasse KölnBonn,,An den Dominikanern 6,,2103595703,defiköln,2014-01-20,marian,
26,Innenstadt,,Sparkasse KölnBonn,,Kaiser-Wilhelm-Ring 20,,,defiköln,,,
27,Innenstadt,,Sparkasse KölnBonn,,Hahnenstr. 57,,,defiköln,,,
28,Innenstadt,,Sparkasse KölnBonn,,Neumarkt 1d,,,defiköln,,,
29,Innenstadt,Deutz,Sparkasse KölnBonn,,Gotenring 1,,,defiköln,,,
30,Innenstadt,Severin,Sparkasse KölnBonn,,Severinstr.149/Im Dau,,,defiköln,,,
31,Innenstadt,,St. Marien-Hospital,,Kunibertskloster 11-13,,,defiköln,,,
32,Kalk,Kalk,Ev. Krankenhaus Kalk,,Buchforststr. 2,,,defiköln,,,
33,Kalk,Brück,Sparkasse KölnBonn,,Olpenerstr. 795-799,,,defiköln,,,
34,Kalk,Höhenberg,Sparkasse KölnBonn,,Olpener Str. 156 - 158,,,defiköln,,,
35,Kalk,Humbold,Sparkasse KölnBonn,,Gremberger Str.32,,,defiköln,,,
36,Kalk,Kalk,Sparkasse KölnBonn,,Kalker Hauptstr. 129-133,,,defiköln,,,
37,Kalk,Merheim,Sparkasse KölnBonn,,Olpener Str. 397,,,defiköln,,,
38,Kalk,Neubrück,Sparkasse KölnBonn,,An St. Adelheid 14,,,defiköln,,,
39,Kalk,Ostheim,Sparkasse KölnBonn,,Frankfurter Str. 705,,,defiköln,,,
40,Kalk,Rath/Heumar,Sparkasse KölnBonn,,Rösrather Str. 605-607,,,defiköln,,,
41,Kalk,Vingst,Sparkasse KölnBonn,,Ostheimer Str. 48-50,,,defiköln,,,
42,Kalk,Merheim,Städt. Krankenhaus Köln-Merheim,,Ostmerheimer Str. 200,,,defiköln,,,
43,Lindenthal,Weyertal,Ev. Krankenhaus Köln-Weyertal,,Weyertal 76,,,defiköln,,,
44,Lindenthal,Lindenthal,Herzzentrum,,Kerpener Str. 62,,,defiköln,,,
45,Lindenthal,Lindenthal,Malteser-Krankenhaus St. Hildegardis,,Bachemer Str. 29,,,defiköln,,,
46,Lindenthal,Braunsfeld,Sparkasse KölnBonn,,Aachener Str. 523,,,defiköln,,,
47,Lindenthal,Junkersdorf,Sparkasse KölnBonn,,Kirchweg 128-130,,,defiköln,,,
48,Lindenthal,Klettenberg,Sparkasse KölnBonn,,Sülzburgstr. 56,,,defiköln,,,
49,Lindenthal,Klettenberg,Sparkasse KölnBonn,,Luxemburger Str. 331,,265728727,defiköln,,,
50,Lindenthal,Kriel,Sparkasse KölnBonn,,Hermeskeiler Str. 16,,,defiköln,,,
51,Lindenthal,Lindenthal,Sparkasse KölnBonn,,Lindenthalgürtel 97,,,defiköln,,,
52,Lindenthal,Lindenthal,Sparkasse KölnBonn,,Dürener Str. 187,,,defiköln,,,
53,Lindenthal,Müngersdorf,Sparkasse KölnBonn,,Aachener Str. 744-750,,,defiköln,,,
54,Lindenthal,Sülz,Sparkasse KölnBonn,,Zülpicher Str. 292-294,,,defiköln,,,
55,Lindenthal,Weiden,Sparkasse KölnBonn,,Goethestr. 8,,,defiköln,,,
56,Lindenthal,Weiden,Sparkasse KölnBonn,,Aachener Str. 1253,,,defiköln,,,
57,Lindenthal,Widdersdorf,Sparkasse KölnBonn,,Hauptstr. 54,,,defiköln,,,
58,Lindenthal,Lindenthal,St. Elisabeth-Krankenhaus,,Werthmannstr. 1,,,defiköln,,,
59,Lindenthal,Lindenthal,Uniklinik,,Kerpener Str. 62,,,defiköln,,,
60,Lindenthal,Sülz,Unimensa,Foyer im MG neben den Toiletten,Zülpicher Str. 70,,1609157079,OSM,2014-01-20,marian,
61,Lindenthal,Sülz,Kölner Studentenwerk Servicehaus,"Erdgeschoss, Poststelle neben Aufzug",Universitätsstr. 16,,,Kölner Studentenwerk,2014-01-20,marian,
62,Mülheim,Buchforst,Sparkasse KölnBonn,,Waldecker Str. 42,,,defiköln,,,
63,Mülheim,Buchforst,Sparkasse KölnBonn,,Adam-Stegerwald-Straße 5,,,defiköln,,,
64,Mülheim,Buchheim,Sparkasse KölnBonn,,Alte Wipperfürther Str. 32,,,defiköln,,,
65,Mülheim,Dellbrück,Sparkasse KölnBonn,,Dellbrücker Hauptstr.,,,defiköln,,,
66,Mülheim,Dünnwald,Sparkasse KölnBonn,,Berliner Str. 964,,,defiköln,,,
67,Mülheim,Flittard,Sparkasse KölnBonn,,Paulinenhofstraße 17-21,,,defiköln,,,
68,Mülheim,Höhenhaus,Sparkasse KölnBonn,,Thymianweg 2,,,defiköln,,,
69,Mülheim,Holweide,Sparkasse KölnBonn,,Bergisch Gladbacher Str. 591,,,defiköln,,,
70,Mülheim,Mühlheim,Sparkasse KölnBonn,,Wiener Platz 1,,,defiköln,,,
71,Mülheim,Mühlheim,Sparkasse KölnBonn,,Berliner Str. 32,,,defiköln,,,
72,Mülheim,Stammheim,Sparkasse KölnBonn,,Gisbertstr. 97,,,defiköln,,,
73,Mülheim,Holweide,Städt. Krankenhaus Holweide,,Neufelder Str. 32,,,defiköln,,,
74,Nippes,Longerich,Heilig-Geist-Krankenhaus,,Graseggerstr. 105,,,defiköln,,,
75,Nippes,Bilderstöckchen,Sparkasse KölnBonn,,Longericher Str. 1,,246829498,defiköln,2014-01-20,marian,
76,Nippes,Gartenstadt,Sparkasse KölnBonn,,Rambouxstr. 134,,,defiköln,,,
77,Nippes,Mauenheim,Sparkasse KölnBonn,,Niehler Str. 286,,,defiköln,,,
78,Nippes,Niehl,Sparkasse KölnBonn,,Sebastianstr. 162,,,defiköln,,,
79,Nippes,Nippes,Sparkasse KölnBonn,,Neusser Str. 236-238,,,defiköln,,,
80,Nippes,Nippes,Sparkasse KölnBonn,,Siebachstr. 28-30,,,defiköln,,,
81,Nippes,Riehl,Sparkasse KölnBonn,,Stammheimer Str. 94,,,defiköln,,,
82,Nippes,Weidenpesch,Sparkasse KölnBonn,,Neusser Str. 570,,,defiköln,,,
83,Nippes,Niehl,St. Agatha-Krankenhaus,,Feldgärtenstr. 97,,,defiköln,,,
84,Nippes,Nippes,St. Vinzenz-Hospital,,Merheimer Str. 221-223,,,defiköln,,,
85,Porz,Porz,Krankenhaus Porz am Rhein,,Urbacher Weg 19,,,defiköln,,,
86,Porz,Eil,Sparkasse KölnBonn,,Frankfurter Str. 565,,,defiköln,,,
87,Porz,Ensen/Westhoven,Sparkasse KölnBonn,,Gilgaustr. 20,,,defiköln,,,
88,Porz,Finkenberg,Sparkasse KölnBonn,,Konrad-Adenauer Str. 72,,,defiköln,,,
89,Porz,Gremberghoven,Sparkasse KölnBonn,,Rudolf-Diesel-Str. 32-36,,,defiköln,,,
90,Porz,Grengel,Sparkasse KölnBonn,,Akazienweg 33,,,defiköln,,,
91,Porz,Langel,Sparkasse KölnBonn,,Lülsdorfer Str. 128,,,defiköln,,,
92,Porz,Poll,Sparkasse KölnBonn,,Siegburger Str. 358,,,defiköln,,,
93,Porz,Porz,Sparkasse KölnBonn,,An der Sparkasse 1,,,defiköln,,,
94,Porz,Urbach,Sparkasse KölnBonn,,Kaiserstr. 20,,,defiköln,,,
95,Porz,Wahnheide,Sparkasse KölnBonn,,Max-Reichpietsch-Str.2,,,defiköln,,,
96,Porz,Zündorf,Sparkasse KölnBonn,,Schmittgasse 63-65,,,defiköln,,,
97,Rodenkirchen,Bayenthal,Sparkasse KölnBonn,,Bonner Str. 226,,,defiköln,,,
98,Rodenkirchen,Godorf,Sparkasse KölnBonn,,Immendorfer Str. 26,,,defiköln,,,
99,Rodenkirchen,Meschenich,Sparkasse KölnBonn,,Brühler Landstr. 417,,,defiköln,,,
100,Rodenkirchen,Raderthal,Sparkasse KölnBonn,,Markusstr. 45,,,defiköln,,,
101,Rodenkirchen,Rodenkirchen,Sparkasse KölnBonn,,Maternusplatz 10,,,defiköln,,,
102,Rodenkirchen,Rondorf,Sparkasse KölnBonn,,Rodenkirchener Str. 129,,,defiköln,,,
103,Rodenkirchen,Sürth,Sparkasse KölnBonn,,Sürther Hauptstr. 112,,,defiköln,,,
104,Rodenkirchen,Weiss,Sparkasse KölnBonn,,Weißer Hauptstr. 75,,,defiköln,,,
105,Rodenkirchen,Zollstock,Sparkasse KölnBonn,,Höninger Weg 206,,,defiköln,,,
106,Rodenkirchen,Bayenthal,St. Antonius-Krankenhaus,,Schillerstr. 23,,,defiköln,,,
107,Porz,Grengel,Flughafen Köln/Bonn Terminal 1,Am Info-Schalter,Heinrich-Steinmann-Straße,,2629647242,,2014-01-20,marian,
108,Porz,Grengel,Flughafen Köln/Bonn Terminal 2,Am Info-Schalter,Heinrich-Steinmann-Straße,,2629647241,,2014-01-20,marian,
109,Innenstadt,Altstadt-Süd,Römisch Germanisches Museum,Kassenbereich,"Roncalliplatz 4, 50667 Köln","Di-So 10:00 - 17:00, 1.Do im Monat 10:00 - 22:00 ",,Stadt Köln,2014-01-24,marian,
110,Innenstadt,Altstadt-Süd,Museum Ludwig,Kassenbereich,"Heinrich-Böll-Platz, 50667 Köln","Di-So 10:00 - 18:00, 1.Do im Monat 10:00 - 22:00 ",,Stadt Köln,2014-01-24,marian,
111,Innenstadt,Altstadt-Nord,Wallraf-Richartz-Museum,Sanitäter-Raum,"Obenmarspforten, 50667 Köln","Di-So 10:00 - 18:00, Do 10:00 - 21:00, Feiertags 10:00 - 18:00, 1.Do im Monat 10:00 - 22:00 ",,Stadt Köln,2014-01-24,marian,
112,Innenstadt,Altstadt-Nord,Kölnisches Stadtmuseum,Kassenbereich,"Zeughausstraße 1-3, 50667 Köln","Di 10:00 - 20:00, Feiertags 10:00 - 17:00, Mi-So 10:00 - 17:00, 1.Do im Monat 10:00 - 22:00",,Stadt Köln,2014-01-24,marian,
113,Lindenthal,Lindenthal,Bürgeramt Lindenthal,Bereich Infotheke,"Aachener Straße 220, 50931Köln","Mo,Mi,Fr 7:30 - 12:00, Di 9:30 - 18:00, Do 7:30 - 16:00",,Stadt Köln,2014-01-24,marian,
114,Ehrenfeld,Ehrenfeld,Bürgeramt Ehrenfeld,Bereich Infotheke,"Venloer Straße 419-421, 50825 Köln","Mo,Mi,Fr 7:30 - 12:00, Di 9:30 - 18:00, Do 7:30 - 16:00",,Stadt Köln,2014-01-24,marian,
115,Nippes,Weidenpesch,Bürgeramt Nippes,Bereich Infotheke,"Neusser Straße 450, 50733 Köln","Mo,Mi,Fr 7:30 - 12:00, Di 9:30 - 18:00, Do 7:30 - 16:00",,Stadt Köln,2014-01-24,marian,
116,Innenstadt,Deutz,Stadthaus Deutz Westgebäude,Bereich Infotheke,"Willy-Brandt-Platz 2, 50679 Köln","Mo,Mi,Do 8:00 - 16:00, Di 8:00 - 18:00, Fr 8:00 - 14:00",,Stadt Köln,2014-01-24,marian,
117,Innenstadt,Deutz,Stadthaus Deutz Ostgebäude,Bereich Infotheke,"Willy-Brandt-Platz 3, 50679 Köln","Mo,Mi,Do 8:00 - 16:00, Di 8:00 - 18:00, Fr 8:00 - 14:00",,Stadt Köln,2014-01-24,marian,
118,Kalk,Kalk,Kalk-Karree,Bereich Infotheke,"Ottmar-Pohl-Platz 1, 51103 Köln ","Mo,Mi,Do 8:00 - 16:00, Di 8:00 - 18:00, Fr 8:00 - 14:00",,Stadt Köln,2014-01-24,marian,
119,Innenstadt,Altstadt-Süd,Historisches Archiv,Eingangsbereich neben der Brandmeldezentrale,"Heumarkt 14, 50667 Köln","Di,Do,Fr 9:00 - 16:30, Mi 9:00 - 19:45",,Stadt Köln,2014-01-24,marian,
120,Innenstadt,Altstadt-Nord,Kulturamt Stadt Köln,Flurbereich Kulturamt,"Richartzstraße 2-4, 50667 Köln","Mo,Di,Do 8:30 - 16:00, Mi 8:30 - 15:00, Fr 8:30 - 12:00 Pause von 13:00 - 13:30",,Stadt Köln,2014-01-24,marian,
121,Porz,Poll,KFZ-Zulassungsstelle,Bereich Infotheke,"Max-Glomsda-Straße 4, 51105 Köln","Mo,Mi,Fr 7:15-12:00, Di 7:15 - 16:00, Do 7:15 - 18:00, Sa 10:00 - 15:00",,Stadt Köln,2014-01-24,marian,
122,Rodenkirchen,Rodenkirchen,Bezirksamt Rodenkirchen,Bereich Infotheke,"Hauptstraße 85, 50996 Köln ","Mo,Mi,Fr 7:30 - 12:00, Di 9:30 - 18:00, Do 7:30 - 16:00",,Stadt Köln,2014-01-24,marian,
123,Mülheim,Mülheim,Bezirksamt Mülheim,Eingangsbereich neben dem Eingang zur Kasse,"Wiener Platz 2a, 51065 Köln","Mo,Mi,Fr 7:30 - 12:00, Di 9:30 - 18:00, Do 7:30 - 16:00",,Stadt Köln,2014-01-24,marian,
124,Chorweiler,Chorweiler,Bezirksamt Chorweiler,Bereich Infotheke,"Pariser Platz 1, 50765 Köln","Mo,Mi,Fr 7:30 - 12:00, Di 9:30 - 18:00, Do 7:30 - 16:00",,Stadt Köln,2014-01-24,marian,
125,Porz,Porz,Bezirksamt Porz,Eingangsbereich an der Pforte,"Friedrich-Ebert-Ufer 64 -70, 51143 Köln","Mo,Mi,Fr 7:30 - 12:00, Di 9:30 - 18:00, Do 7:30 - 16:00",,Stadt Köln,2014-01-24,marian,
126,Innenstadt,Altstadt-Nord,Bezirksamt Innenstadt,Bereich Infotheke,"Laurenzplatz 1-3, 50667 Köln","Mo,Mi,Fr 7:30 - 12:00, Di 9:30 - 18:00, Do 7:30 - 16:00",,Stadt Köln,2014-01-24,marian,
127,Kalk,Kalk,Bezirksamt Kalk,Eingangsbereich neben Sanitätsraum,"Kalker Hauptstraße 247 -273, 51103 Köln","Mo,Mi,Fr 7:30 - 12:00, Di 9:30 - 18:00, Do 7:30 - 16:00",,Stadt Köln,2014-01-24,marian,
128,Innenstadt,Altstadt-Süd,Gesundheitsamt Stadt Köln,Bereich Infotheke,"Neumarkt 15-21, 50667 Köln","Mo-Do 8:00 - 16:00, Fr 8:00 - 12:00",,Stadt Köln,2014-01-24,marian,
129,Chorweiler,Chorweiler,Stadthaus Chorweiler,Eingangsbereich in der Pforte,"Athener Ring 4, 50765 Köln","Mo,Do 8:00 - 16:00, Di 8:00 - 18:00, Mi,Fr 8:00 - 12:00",,Stadt Köln,2014-01-24,marian,
130,Innenstadt,Altstadt-Süd,Standesamt Haus Neuerburg,Bereich Infotheke,"Gülichplatz 1-3, 50667 Köln","Mo,Do 8:00 - 16:00, Di 8:00 - 18:00, Mi,Fr 8:00 - 12:00",,Stadt Köln,2014-01-24,marian,
131,Innenstadt,Neustadt-Nord,KOMED im Mediapark,Bereich Seiteneingang neben der Brandmeldezentrale,"Im Mediapark 7, 50670 Köln ",Mo - Fr 09:00 - 18:00 Uhr und zu Veranstaltungen,,Stadt Köln,2014-01-24,marian,
132,Innenstadt,Altstadt-Süd,Historisches Rathaus,Bereich Infotheke,"Historisches Rathaus, 50667 Köln",Mo - Fr 08:00 - 16:00 Uhr und zu Veranstaltungen,,Stadt Köln,2014-01-24,marian,
133,Innenstadt,Altstadt-Süd,Rathaus Spanischer Bau,Bereich Infotheke,"Rathaus Spanischer Bau, 50667 Köln",Mo - Fr 08:00 - 16:00 Uhr und zu Veranstaltungen,,Stadt Köln,2014-01-24,marian,
134,Innenstadt,Deutz,"FH Köln, IWZ Deutz",Zentrales Treppenhaus,"Betzdorfer Straße 2, 50679 Köln",,,OSM Mailingliste,2014-01-26,marian,
135,Innenstadt,Deutz,"FH Köln, IWZ Deutz",Halle West,"Betzdorfer Straße 2, 50679 Köln",,,OSM Mailingliste,2014-01-26,marian,
